playerID,homeAway,First Name Last Name,Id,First Name,Last Name,Position,Team,Opponent,Game,Time,Salary,FPPG,Injury Status,InitPlayerName,InitPlayerID,Away?
304,Home,Jason Terry,nba.p.3333,Jason,Terry,SG,MIL,BOS,MIL@BOS,7:30PM EDT,10,9.7,,Russell Westbrook,759,@BOS
370,Home,Spencer Hawes,nba.p.4288,Spencer,Hawes,PF,MIL,BOS,MIL@BOS,7:30PM EDT,10,14.1,,James Harden,1598,@BOS
757,Home,Michael Beasley,nba.p.4388,Michael,Beasley,PF,MIL,BOS,MIL@BOS,7:30PM EDT,16,16.4,INJ,Isaiah Thomas,4711,@BOS
2178,Home,Greg Monroe,nba.p.4722,Greg,Monroe,C,MIL,BOS,MIL@BOS,7:30PM EDT,18,24.9,,DeMar DeRozan,1605,@BOS
2209,Home,John Henson,nba.p.5020,John,Henson,C,MIL,BOS,MIL@BOS,7:30PM EDT,10,17.6,INJ,Anthony Davis,13305,@BOS
7109,Home,Terrence Jones,nba.p.5024,Terrence,Jones,SF,MIL,BOS,MIL@BOS,7:30PM EDT,12,21.9,,DeMarcus Cousins,2192,@BOS
4294,Home,Khris Middleton,nba.p.5073,Khris,Middleton,SF,MIL,BOS,MIL@BOS,7:30PM EDT,28,26.5,,Damian Lillard,13809,@BOS
28228,Home,Mirza Teletovic,nba.p.5095,Mirza,Teletovic,PF,MIL,BOS,MIL@BOS,7:30PM EDT,10,11.3,,Karl-Anthony Towns,39311,@BOS
49629,Home,Giannis Antetokounmpo,nba.p.5185,Giannis,Antetokounmpo,PF,MIL,BOS,MIL@BOS,7:30PM EDT,52,46,,Stephen Curry,1600,@BOS
22374,Home,Tony Snell,nba.p.5190,Tony,Snell,SG,MIL,BOS,MIL@BOS,7:30PM EDT,10,16.1,,LeBron James,250,@BOS
8530,Home,Matt Dellavedova,nba.p.5249,Matthew,Dellavedova,SG,MIL,BOS,MIL@BOS,7:30PM EDT,10,17.3,,Kawhi Leonard,2256,@BOS
24302,Home,Jabari Parker,nba.p.5293,Jabari,Parker,SF,MIL,BOS,MIL@BOS,7:30PM EDT,10,33.3,INJ,Kevin Durant,34,@BOS
42082,Home,Rashad Vaughn,nba.p.5477,Rashad,Vaughn,SG,MIL,BOS,MIL@BOS,7:30PM EDT,10,6.8,,Kyrie Irving,7118,@BOS
42192,Home,Thon Maker,nba.p.5641,Thon,Maker,C,MIL,BOS,MIL@BOS,7:30PM EDT,10,6.9,,Paul George,2305,@BOS
24209,Home,Malcolm Brogdon,nba.p.5667,Malcolm,Brogdon,PG,MIL,BOS,MIL@BOS,7:30PM EDT,17,21.2,,Giannis Antetokounmpo,49629,@BOS
354,Away,Gerald Green,nba.p.3944,Gerald,Green,SF,BOS,MIL,MIL@BOS,7:30PM EDT,10,9.5,,Andrew Wiggins,24682,@MIL
147,Away,Amir Johnson,nba.p.3982,Amir,Johnson,PF,BOS,MIL,MIL@BOS,7:30PM EDT,10,16.7,,Carmelo Anthony,452,@MIL
35,Away,Al Horford,nba.p.4245,Al,Horford,C,BOS,MIL,MIL@BOS,7:30PM EDT,27,33.4,,John Wall,2195,@MIL
1623,Away,Jonas Jerebko,nba.p.4644,Jonas,Jerebko,SF,BOS,MIL,MIL@BOS,7:30PM EDT,10,10.3,GTD,Bradley Beal,24148,@MIL
2194,Away,Avery Bradley,nba.p.4750,Avery,Bradley,SG,BOS,MIL,MIL@BOS,7:30PM EDT,23,29.7,,Jimmy Butler,6160,@MIL
4711,Away,Isaiah Thomas,nba.p.4942,Isaiah,Thomas,PG,BOS,MIL,MIL@BOS,7:30PM EDT,46,42.1,,Kemba Walker,2181,@MIL
2175,Away,Tyler Zeller,nba.p.5023,Tyler,Zeller,C,BOS,MIL,MIL@BOS,7:30PM EDT,10,8.6,,Klay Thompson,4717,@MIL
22407,Away,Jae Crowder,nba.p.5068,Jae,Crowder,SF,BOS,MIL,MIL@BOS,7:30PM EDT,23,26.7,,C.J. McCollum,17251,@MIL
8330,Away,Kelly Olynyk,nba.p.5164,Kelly,Olynyk,PF,BOS,MIL,MIL@BOS,7:30PM EDT,11,18.8,,Blake Griffin,1596,@MIL
24275,Away,Marcus Smart,nba.p.5317,Marcus,Smart,PG,BOS,MIL,MIL@BOS,7:30PM EDT,18,24.4,,Brook Lopez,770,@MIL
24681,Away,James Young,nba.p.5328,James,Young,SG,BOS,MIL,MIL@BOS,7:30PM EDT,10,4.7,,Gordon Hayward,8226,@MIL
24644,Away,Terry Rozier,nba.p.5476,Terry,Rozier,PG,BOS,MIL,MIL@BOS,7:30PM EDT,10,13,,Eric Bledsoe,5714,@MIL
28236,Away,Jordan Mickey,nba.p.5493,Jordan,Mickey,PF,BOS,MIL,MIL@BOS,7:30PM EDT,10,4,,Kyle Lowry,78,@MIL
52544,Away,Jaylen Brown,nba.p.5602,Jaylen,Brown,SF,BOS,MIL,MIL@BOS,7:30PM EDT,10,12.1,,Devin Booker,41438,@MIL
43395,Away,Demetrius Jackson,nba.p.5676,Demetrius,Jackson,PG,BOS,MIL,MIL@BOS,7:30PM EDT,10,4,,Jabari Parker,24302,@MIL
384,Home,Al Jefferson,nba.p.3832,Al,Jefferson,C,IND,MEM,IND@MEM,8:00PM EDT,10,15,INJ,Goran Dragic,812,@MEM
125,Home,C.J. Miles,nba.p.3960,C.J.,Miles,SG,IND,MEM,IND@MEM,8:00PM EDT,10,17.7,,Joel Embiid,49880,@MEM
129,Home,Monta Ellis,nba.p.3966,Monta,Ellis,SG,IND,MEM,IND@MEM,8:00PM EDT,10,18,,Kevin Love,760,@MEM
41,Home,Thaddeus Young,nba.p.4290,Thaddeus,Young,PF,IND,MEM,IND@MEM,8:00PM EDT,17,22.8,,Mike Conley,33,@MEM
42,Home,Rodney Stuckey,nba.p.4293,Rodney,Stuckey,PG,IND,MEM,IND@MEM,8:00PM EDT,10,12.7,INJ,Marc Gasol,22,@MEM
53,Home,Aaron Brooks,nba.p.4304,Aaron,Brooks,PG,IND,MEM,IND@MEM,8:00PM EDT,10,9.6,,Harrison Barnes,2372,@MEM
1614,Home,Jeff Teague,nba.p.4624,Jeff,Teague,PG,IND,MEM,IND@MEM,8:00PM EDT,28,33.3,,Paul Millsap,112,@MEM
2305,Home,Paul George,nba.p.4725,Paul,George,SF,IND,MEM,IND@MEM,8:00PM EDT,42,37.2,,Zach LaVine,41396,@MEM
2429,Home,Kevin Seraphin,nba.p.4748,Kevin,Seraphin,PF,IND,MEM,IND@MEM,8:00PM EDT,10,9,,Dwyane Wade,450,@MEM
9730,Home,Lavoy Allen,nba.p.4932,Lavoy,Allen,PF,IND,MEM,IND@MEM,8:00PM EDT,10,9.6,,Kristaps Porzingis,32861,@MEM
,Home,Glenn Robinson III,nba.p.5351,Glenn,Robinson III,SF,IND,MEM,IND@MEM,8:00PM EDT,10,13,INJ,Hassan Whiteside,7693,@MEM
52575,Home,Myles Turner,nba.p.5471,Myles,Turner,C,IND,MEM,IND@MEM,8:00PM EDT,22,30.3,,Derrick Rose,756,@MEM
24156,Home,Rakeem Christmas,nba.p.5496,Rakeem,Christmas,C,IND,MEM,IND@MEM,8:00PM EDT,10,5.9,,Danilo Gallinari,761,@MEM
22869,Home,Joe Young,nba.p.5503,Joe,Young,SG,IND,MEM,IND@MEM,8:00PM EDT,10,3.7,,Chris Paul,61,@MEM
42429,Home,Georges Niang,nba.p.5681,Georges,Niang,PF,IND,MEM,IND@MEM,8:00PM EDT,10,2.2,,Dion Waiters,9280,@MEM
275,Away,Vince Carter,nba.p.3248,Vince,Carter,SF,MEM,IND,IND@MEM,8:00PM EDT,10,17,,Evan Fournier,24346,@IND
165,Away,Zach Randolph,nba.p.3531,Zach,Randolph,PF,MEM,IND,IND@MEM,8:00PM EDT,18,26.4,,Lou Williams,140,@IND
391,Away,Tony Allen,nba.p.3842,Tony,Allen,SG,MEM,IND,IND@MEM,8:00PM EDT,10,20.6,,LaMarcus Aldridge,66,@IND
33,Away,Mike Conley,nba.p.4246,Mike,Conley,PG,MEM,IND,IND@MEM,8:00PM EDT,36,36,,Dennis Schroder,26503,@IND
45,Away,Brandan Wright,nba.p.4286,Brandan,Wright,C,MEM,IND,IND@MEM,8:00PM EDT,10,11.9,,Rudy Gay,71,@IND
22,Away,Marc Gasol,nba.p.4325,Marc,Gasol,C,MEM,IND,IND@MEM,8:00PM EDT,30,37.1,GTD,George Hill,780,@IND
2537,Away,Chandler Parsons,nba.p.4920,Chandler,Parsons,SF,MEM,IND,IND@MEM,8:00PM EDT,10,12.8,INJ,Victor Oladipo,22337,@IND
31122,Away,James Ennis,nba.p.5220,James,Ennis III,SF,MEM,IND,IND@MEM,8:00PM EDT,10,14.2,,Eric Gordon,762,@IND
2187,Away,JaMychal Green,nba.p.5262,JaMychal,Green,PF,MEM,IND,IND@MEM,8:00PM EDT,10,20.8,,Jrue Holiday,1615,@IND
18948,Away,Troy Daniels,nba.p.5282,Troy,Daniels,SG,MEM,IND,IND@MEM,8:00PM EDT,10,11.7,,D'Angelo Russell,41490,@IND
41442,Away,Jarell Martin,nba.p.5485,Jarell,Martin,PF,MEM,IND,IND@MEM,8:00PM EDT,10,9.4,,Nikola Jokic,49571,@IND
24306,Away,Andrew Harrison,nba.p.5504,Andrew,Harrison,PG,MEM,IND,IND@MEM,8:00PM EDT,10,13.4,,Tobias Harris,7119,@IND
81056,Away,Wade Baldwin IV,nba.p.5648,Wade,Baldwin IV,PG,MEM,IND,IND@MEM,8:00PM EDT,10,8.2,,Nicolas Batum,782,@IND
73162,Away,Deyonta Davis,nba.p.5662,Deyonta,Davis,PF,MEM,IND,IND@MEM,8:00PM EDT,10,4.7,,Wilson Chandler,47,@IND
,Away,Wayne Selden Jr.,nba.p.5708,Wayne,Selden Jr.,SG,MEM,IND,IND@MEM,8:00PM EDT,10,6.1,,Myles Turner,52575,@IND
292,Home,Nick Collison,nba.p.3715,Nick,Collison,PF,OKC,ORL,OKC@ORL,7:00PM EDT,10,4.2,,J.J. Redick,76,@ORL
759,Home,Russell Westbrook,nba.p.4390,Russell,Westbrook,PG,OKC,ORL,OKC@ORL,7:00PM EDT,64,59.6,,Nikola Vucevic,6925,@ORL
1622,Home,Taj Gibson,nba.p.4631,Taj,Gibson,PF,OKC,ORL,OKC@ORL,7:00PM EDT,14,21.8,,Jeff Teague,1614,@ORL
9273,Home,Enes Kanter,nba.p.4899,Enes,Kanter,C,OKC,ORL,OKC@ORL,7:00PM EDT,19,24.7,,Reggie Jackson,3771,@ORL
15435,Home,Norris Cole,nba.p.4910,Norris,Cole,PG,OKC,ORL,OKC@ORL,7:00PM EDT,10,4.9,,Marcus Morris,4078,@ORL
2151,Home,Kyle Singler,nba.p.4915,Kyle,Singler,SG,OKC,ORL,OKC@ORL,7:00PM EDT,10,4,,Jordan Clarkson,22892,@ORL
22337,Home,Victor Oladipo,nba.p.5153,Victor,Oladipo,SG,OKC,ORL,OKC@ORL,7:00PM EDT,24,27.8,,Avery Bradley,2194,@ORL
27993,Home,Steven Adams,nba.p.5163,Steven,Adams,C,OKC,ORL,OKC@ORL,7:00PM EDT,17,24.9,,Zach Randolph,165,@ORL
23283,Home,Andre Roberson,nba.p.5196,Andre,Roberson,SF,OKC,ORL,OKC@ORL,7:00PM EDT,11,18.2,,Gary Harris,24252,@ORL
26575,Home,Alex Abrines,nba.p.5202,Alex,Abrines,SG,OKC,ORL,OKC@ORL,7:00PM EDT,10,9.8,,Serge Ibaka,779,@ORL
23478,Home,Doug McDermott,nba.p.5322,Doug,McDermott,SF,OKC,ORL,OKC@ORL,7:00PM EDT,10,14.6,,Darren Collison,1637,@ORL
23259,Home,Josh Huestis,nba.p.5340,Josh,Huestis,SF,OKC,ORL,OKC@ORL,7:00PM EDT,10,15.8,,Kentavious Caldwell-Pope,24162,@ORL
24661,Home,Jerami Grant,nba.p.5350,Jerami,Grant,SF,OKC,ORL,OKC@ORL,7:00PM EDT,10,11.9,,Al Horford,35,@ORL
26729,Home,Semaj Christon,nba.p.5366,Semaj,Christon,PG,OKC,ORL,OKC@ORL,7:00PM EDT,10,7.9,,Tim Hardaway Jr.,9386,@ORL
33381,Home,Domas Sabonis,nba.p.5642,Domantas,Sabonis,PF,OKC,ORL,OKC@ORL,7:00PM EDT,10,12.8,,Nick Young,234,@ORL
37,Away,Jeff Green,nba.p.4247,Jeff,Green,PF,ORL,OKC,OKC@ORL,7:00PM EDT,10,15.5,INJ,Jae Crowder,22407,@OKC
787,Away,C.J. Watson,nba.p.4354,C.J.,Watson,PG,ORL,OKC,OKC@ORL,7:00PM EDT,10,9.8,,Rudy Gobert,25858,@OKC
764,Away,D.J. Augustin,nba.p.4471,D.J.,Augustin,PG,ORL,OKC,OKC@ORL,7:00PM EDT,10,14.4,,Khris Middleton,4294,@OKC
1644,Away,Jodie Meeks,nba.p.4646,Jodie,Meeks,SG,ORL,OKC,OKC@ORL,7:00PM EDT,10,15.9,,T.J. Warren,24292,@OKC
24340,Away,Bismack Biyombo,nba.p.4888,Bismack,Biyombo,C,ORL,OKC,OKC@ORL,7:00PM EDT,10,17.6,,Enes Kanter,9273,@OKC
6925,Away,Nikola Vucevic,nba.p.4897,Nikola,Vucevic,C,ORL,OKC,OKC@ORL,7:00PM EDT,30,33.8,,Julius Randle,24301,@OKC
9339,Away,Terrence Ross,nba.p.5014,Terrence,Ross,SF,ORL,OKC,OKC@ORL,7:00PM EDT,16,18.7,,Andre Drummond,24241,@OKC
24346,Away,Evan Fournier,nba.p.5054,Evan,Fournier,SG,ORL,OKC,OKC@ORL,7:00PM EDT,20,26.2,,Wesley Matthews,1653,@OKC
24308,Away,Aaron Gordon,nba.p.5295,Aaron,Gordon,PF,ORL,OKC,OKC@ORL,7:00PM EDT,22,22.1,,Tyler Johnson,23365,@OKC
31736,Away,Elfrid Payton,nba.p.5321,Elfrid,Payton,PG,ORL,OKC,OKC@ORL,7:00PM EDT,29,28.5,,Otto Porter,24181,@OKC
6964,Away,C.J. Wilcox,nba.p.5339,C.J.,Wilcox,SG,ORL,OKC,OKC@ORL,7:00PM EDT,10,2.5,,Sean Kilpatrick,4347,@OKC
2912,Away,Damjan Rudez,nba.p.5372,Damjan,Rudez,PF,ORL,OKC,OKC@ORL,7:00PM EDT,10,3.9,,Bojan Bogdanovic,9740,@OKC
24763,Away,Mario Hezonja,nba.p.5465,Mario,Hezonja,SF,ORL,OKC,OKC@ORL,7:00PM EDT,10,9.1,,Markieff Morris,4191,@OKC
,Away,Stephen Zimmerman Jr.,nba.p.5672,Stephen,Zimmerman Jr.,C,ORL,OKC,OKC@ORL,7:00PM EDT,10,4.1,,Dirk Nowitzki,308,@OKC
160,Home,Joe Johnson,nba.p.3520,Joe,Johnson,SF,UTA,SAC,UTA@SAC,10:30PM EDT,10,16.2,,Clint Capela,28284,@SAC
459,Home,Boris Diaw,nba.p.3724,Boris,Diaw,PF,UTA,SAC,UTA@SAC,10:30PM EDT,10,9.7,,DeAndre Jordan,802,@SAC
780,Home,George Hill,nba.p.4488,George,Hill,PG,UTA,SAC,UTA@SAC,10:30PM EDT,21,28.8,,Dwight Howard,376,@SAC
2191,Home,Derrick Favors,nba.p.4718,Derrick,Favors,PF,UTA,SAC,UTA@SAC,10:30PM EDT,18,20.9,INJ,Rodney Hood,24165,@SAC
8226,Home,Gordon Hayward,nba.p.4724,Gordon,Hayward,SF,UTA,SAC,UTA@SAC,10:30PM EDT,35,35.3,GTD,Will Barton,9269,@SAC
4169,Home,Alec Burks,nba.p.4893,Alec,Burks,PG,UTA,SAC,UTA@SAC,10:30PM EDT,10,12.2,GTD,Jeremy Lin,10168,@SAC
9419,Home,Shelvin Mack,nba.p.4916,Shelvin,Mack,PG,UTA,SAC,UTA@SAC,10:30PM EDT,10,14.1,,Seth Curry,4873,@SAC
25858,Home,Rudy Gobert,nba.p.5197,Rudy,Gobert,C,UTA,SAC,UTA@SAC,10:30PM EDT,32,35.8,,Aaron Gordon,24308,@SAC
4518,Home,Jeff Withey,nba.p.5209,Jeff,Withey,C,UTA,SAC,UTA@SAC,10:30PM EDT,10,7.1,,Ersan Ilyasova,128,@SAC
,Home,Raul Neto,nba.p.5217,Raul,Neto,PG,UTA,SAC,UTA@SAC,10:30PM EDT,10,5.7,,Jordan Crawford,4441,@SAC
28245,Home,Dante Exum,nba.p.5316,Dante,Exum,PG,UTA,SAC,UTA@SAC,10:30PM EDT,10,11.1,,Robert Covington,11707,@SAC
24165,Home,Rodney Hood,nba.p.5334,Rodney,Hood,SG,UTA,SAC,UTA@SAC,10:30PM EDT,10,21,,,,@SAC
1683,Home,Joe Ingles,nba.p.5393,Joe,Ingles,SG,UTA,SAC,UTA@SAC,10:30PM EDT,11,16.5,,Elfrid Payton,31736,@SAC
28238,Home,Trey Lyles,nba.p.5472,Trey,Lyles,PF,UTA,SAC,UTA@SAC,10:30PM EDT,10,13,,Jonas Valanciunas,24239,@SAC
45041,Home,Joel Bolomboy,nba.p.5683,Joel,Bolomboy,PF,UTA,SAC,UTA@SAC,10:30PM EDT,10,3.7,,Greg Monroe,2178,@SAC
71,Away,Rudy Gay,nba.p.4136,Rudy,Gay,SF,SAC,UTA,UTA@SAC,10:30PM EDT,10,33.4,INJ,Pau Gasol,515,@UTA
54,Away,Arron Afflalo,nba.p.4305,Arron,Afflalo,SF,SAC,UTA,UTA@SAC,10:30PM EDT,10,13.4,GTD,Trevor Ariza,398,@UTA
328,Away,Anthony Tolliver,nba.p.4371,Anthony,Tolliver,PF,SAC,UTA,UTA@SAC,10:30PM EDT,10,14.6,,Allen Crabbe,9300,@UTA
778,Away,Kosta Koufos,nba.p.4485,Kosta,Koufos,C,SAC,UTA,UTA@SAC,10:30PM EDT,10,15.9,,Justise Winslow,30323,@UTA
1601,Away,Tyreke Evans,nba.p.4564,Tyreke,Evans,SG,SAC,UTA,UTA@SAC,10:30PM EDT,18,20.7,,Jamal Crawford,162,@UTA
1612,Away,Ty Lawson,nba.p.4623,Ty,Lawson,PG,SAC,UTA,UTA@SAC,10:30PM EDT,10,20,,Thaddeus Young,41,@UTA
1637,Away,Darren Collison,nba.p.4626,Darren,Collison,PG,SAC,UTA,UTA@SAC,10:30PM EDT,17,24.2,,James Johnson,1604,@UTA
1757,Away,Garrett Temple,nba.p.4682,Garrett,Temple,SF,SAC,UTA,UTA@SAC,10:30PM EDT,10,17.6,,Steven Adams,27993,@UTA
24188,Away,Ben McLemore,nba.p.5158,Ben,McLemore,SG,SAC,UTA,UTA@SAC,10:30PM EDT,10,11,,Kyle Korver,478,@UTA
22568,Away,Langston Galloway,nba.p.5388,Langston,Galloway,SG,SAC,UTA,UTA@SAC,10:30PM EDT,10,13.8,,Kent Bazemore,18858,@UTA
24287,Away,Willie Cauley-Stein,nba.p.5466,Willie,Cauley-Stein,PF,SAC,UTA,UTA@SAC,10:30PM EDT,20,15.1,,Emmanuel Mudiay,24680,@UTA
42415,Away,Buddy Hield,nba.p.5637,Buddy,Hield,SG,SAC,UTA,UTA@SAC,10:30PM EDT,13,16.7,,Terrence Ross,9339,@UTA
,Away,Georgios Papagiannis,nba.p.5644,Georgios,Papagiannis,C,SAC,UTA,UTA@SAC,10:30PM EDT,10,10.1,,Terrence Jones,7109,@UTA
49322,Away,Malachi Richardson,nba.p.5653,Malachi,Richardson,SG,SAC,UTA,UTA@SAC,10:30PM EDT,10,6,INJ,Dario Saric,24342,@UTA
42074,Away,Skal Labissiere,nba.p.5659,Skal,Labissiere,PF,SAC,UTA,UTA@SAC,10:30PM EDT,11,14.4,,Marvin Williams,59,@UTA
,Home,Chris Bosh,nba.p.3707,Chris,Bosh,PF,MIA,NY,MIA@NY,7:30PM EDT,10,33.5,INJ,Nikola Mirotic,9276,@NY
682,Home,Udonis Haslem,nba.p.3765,Udonis,Haslem,PF,MIA,NY,MIA@NY,7:30PM EDT,10,5.4,,Ricky Rubio,1599,@NY
6,Home,Josh McRoberts,nba.p.4314,Josh,McRoberts,PF,MIA,NY,MIA@NY,7:30PM EDT,10,12.9,INJ,Frank Kaminsky,28751,@NY
812,Home,Goran Dragic,nba.p.4507,Goran,Dragic,PG,MIA,NY,MIA@NY,7:30PM EDT,35,34.2,,Austin Rivers,9291,@NY
1604,Home,James Johnson,nba.p.4621,James,Johnson,PF,MIA,NY,MIA@NY,7:30PM EDT,24,26,,Maurice Harkless,24180,@NY
1620,Home,Wayne Ellington,nba.p.4633,Wayne,Ellington,SG,MIA,NY,MIA@NY,7:30PM EDT,10,17.4,,Josh Richardson,28787,@NY
2185,Home,Luke Babbitt,nba.p.4731,Luke,Babbitt,PF,MIA,NY,MIA@NY,7:30PM EDT,10,9.2,,Ryan Anderson,776,@NY
7693,Home,Hassan Whiteside,nba.p.4764,Hassan,Whiteside,C,MIA,NY,MIA@NY,7:30PM EDT,37,38.7,,Deron Williams,60,@NY
9280,Home,Dion Waiters,nba.p.5010,Dion,Waiters,SF,MIA,NY,MIA@NY,7:30PM EDT,26,27.7,INJ,Jerryd Bayless,765,@NY
10776,Home,Willie Reed,nba.p.5146,Willie,Reed,C,MIA,NY,MIA@NY,7:30PM EDT,10,12.9,,Marcin Gortat,145,@NY
4210,Home,Rodney McGruder,nba.p.5270,Rodney,McGruder,SG,MIA,NY,MIA@NY,7:30PM EDT,10,14,,Kenneth Faried,2303,@NY
23365,Home,Tyler Johnson,nba.p.5376,Tyler,Johnson,PG,MIA,NY,MIA@NY,7:30PM EDT,19,26.9,,Trevor Booker,3685,@NY
30323,Home,Justise Winslow,nba.p.5470,Justise,Winslow,SF,MIA,NY,MIA@NY,7:30PM EDT,10,24.6,INJ,Ty Lawson,1612,@NY
28787,Home,Josh Richardson,nba.p.5500,Josh,Richardson,SG,MIA,NY,MIA@NY,7:30PM EDT,12,19.7,,Taj Gibson,1622,@NY
9344,Home,Okaro White,nba.p.5697,Okaro,White,PF,MIA,NY,MIA@NY,7:30PM EDT,10,8.1,,Mason Plumlee,2214,@NY
452,Away,Carmelo Anthony,nba.p.3706,Carmelo,Anthony,SF,NY,MIA,MIA@NY,7:30PM EDT,35,35.8,,Jahlil Okafor,24685,@MIA
393,Away,Sasha Vujacic,nba.p.3844,Sasha,Vujacic,SG,NY,MIA,MIA@NY,7:30PM EDT,10,5.2,,Cody Zeller,24152,@MIA
50,Away,Joakim Noah,nba.p.4287,Joakim,Noah,PF,NY,MIA,MIA@NY,7:30PM EDT,10,20.5,INJ,J.J. Barea,298,@MIA
756,Away,Derrick Rose,nba.p.4387,Derrick,Rose,PG,NY,MIA,MIA@NY,7:30PM EDT,24,29,,Tony Parker,268,@MIA
777,Away,Courtney Lee,nba.p.4484,Courtney,Lee,SG,NY,MIA,MIA@NY,7:30PM EDT,13,20.5,,Courtney Lee,777,@MIA
1948,Away,Lance Thomas,nba.p.4966,Lance,Thomas,PF,NY,MIA,MIA@NY,7:30PM EDT,10,11.9,INJ,Richaun Holmes,42932,@MIA
19543,Away,Kyle O'Quinn,nba.p.5083,Kyle,O'Quinn,C,NY,MIA,MIA@NY,7:30PM EDT,10,17.5,,C.J. Miles,125,@MIA
6968,Away,Justin Holiday,nba.p.5142,Justin,Holiday,SG,NY,MIA,MIA@NY,7:30PM EDT,10,14.4,,Michael Beasley,757,@MIA
32861,Away,Kristaps Porzingis,nba.p.5464,Kristaps,Porzingis,PF,NY,MIA,MIA@NY,7:30PM EDT,33,33.5,,Tyreke Evans,1601,@MIA
37870,Away,Willy Hernangomez,nba.p.5495,Willy,Hernangomez,C,NY,MIA,MIA@NY,7:30PM EDT,16,18.3,,Yogi Ferrell,24263,@MIA
57363,Away,Maurice Ndour,nba.p.5530,Maurice,Ndour,SF,NY,MIA,MIA@NY,7:30PM EDT,10,4.6,,Marco Belinelli,48,@MIA
24177,Away,Marshall Plumlee,nba.p.5692,Marshall,Plumlee,C,NY,MIA,MIA@NY,7:30PM EDT,10,3.8,,Draymond Green,2369,@MIA
9729,Away,Mindaugas Kuzminskas,nba.p.5694,Mindaugas,Kuzminskas,SF,NY,MIA,MIA@NY,7:30PM EDT,10,10.6,,Jusuf Nurkic,32965,@MIA
30538,Away,Ron Baker,nba.p.5704,Ron,Baker,PG,NY,MIA,MIA@NY,7:30PM EDT,10,8.6,,J.R. Smith,386,@MIA
24199,Away,Chasson Randle,nba.p.5706,Chasson,Randle,PG,NY,MIA,MIA@NY,7:30PM EDT,10,8.2,,Wayne Ellington,1620,@MIA
244,Home,Mike Dunleavy,nba.p.3601,Mike,Dunleavy,SG,ATL,PHI,ATL@PHI,7:00PM EDT,10,9.9,,Buddy Hield,42415,@PHI
376,Home,Dwight Howard,nba.p.3818,Dwight,Howard,C,ATL,PHI,ATL@PHI,7:00PM EDT,25,32.8,,Brandon Ingram,72279,@PHI
383,Home,Kris Humphries,nba.p.3831,Kris,Humphries,PF,ATL,PHI,ATL@PHI,7:00PM EDT,10,10.3,,Malcolm Brogdon,24209,@PHI
128,Home,Ersan Ilyasova,nba.p.3962,Ersan,Ilyasova,PF,ATL,PHI,ATL@PHI,7:00PM EDT,19,24.5,,Gerald Henderson,1606,@PHI
794,Home,Jose Calderon,nba.p.3989,Jose,Calderon,PG,ATL,PHI,ATL@PHI,7:00PM EDT,10,8.1,,Patrick Beverley,1684,@PHI
86,Home,Thabo Sefolosha,nba.p.4141,Thabo,Sefolosha,SF,ATL,PHI,ATL@PHI,7:00PM EDT,10,18.7,O,Marquese Chriss,72600,@PHI
112,Home,Paul Millsap,nba.p.4175,Paul,Millsap,PF,ATL,PHI,ATL@PHI,7:00PM EDT,36,35.8,INJ,Marcus Smart,24275,@PHI
18858,Home,Kent Bazemore,nba.p.5102,Kent,Bazemore,SG,ATL,PHI,ATL@PHI,7:00PM EDT,11,21,INJ,Jeremy Lamb,22394,@PHI
26503,Home,Dennis Schroder,nba.p.5187,Dennis,Schroder,PG,ATL,PHI,ATL@PHI,7:00PM EDT,27,30.7,,Michael Kidd-Gilchrist,9290,@PHI
9386,Home,Tim Hardaway Jr.,nba.p.5194,Tim,Hardaway Jr.,SG,ATL,PHI,ATL@PHI,7:00PM EDT,20,22.3,,Jamal Murray,49976,@PHI
17065,Home,Mike Muscala,nba.p.5214,Mike,Muscala,PF,ATL,PHI,ATL@PHI,7:00PM EDT,10,13.8,,Robin Lopez,769,@PHI
2193,Home,Ryan Kelly,nba.p.5218,Ryan,Kelly,SF,ATL,PHI,ATL@PHI,7:00PM EDT,10,3.2,,Gorgui Dieng,22403,@PHI
42410,Home,Taurean Prince,nba.p.5643,Taurean,Prince,SF,ATL,PHI,ATL@PHI,7:00PM EDT,12,10.4,,Ish Smith,3665,@PHI
49891,Home,DeAndre' Bembry,nba.p.5652,DeAndre',Bembry,SF,ATL,PHI,ATL@PHI,7:00PM EDT,10,5.7,,Al-Farouq Aminu,2180,@PHI
2301,Home,Malcolm Delaney,nba.p.5696,Malcolm,Delaney,PG,ATL,PHI,ATL@PHI,7:00PM EDT,10,11.1,,DeMarre Carroll,1631,@PHI
85,Away,Sergio Rodriguez,nba.p.4155,Sergio,Rodriguez,PG,PHI,ATL,ATL@PHI,7:00PM EDT,10,18.6,INJ,Jon Leuer,4000,@ATL
373,Away,Tiago Splitter,nba.p.4306,Tiago,Splitter,C,PHI,ATL,ATL@PHI,7:00PM EDT,10,12,,Monta Ellis,129,@ATL
765,Away,Jerryd Bayless,nba.p.4473,Jerryd,Bayless,SG,PHI,ATL,ATL@PHI,7:00PM EDT,10,19.6,INJ,Shabazz Muhammad,24245,@ATL
1606,Away,Gerald Henderson,nba.p.4617,Gerald,Henderson,SG,PHI,ATL,ATL@PHI,7:00PM EDT,10,16.1,O,Evan Turner,2325,@ATL
11707,Away,Robert Covington,nba.p.5253,Robert,Covington,SF,PHI,ATL,ATL@PHI,7:00PM EDT,29,27.6,,Cory Joseph,7108,@ATL
49880,Away,Joel Embiid,nba.p.5294,Joel,Embiid,PF,PHI,ATL,ATL@PHI,7:00PM EDT,10,36.2,INJ,Channing Frye,84,@ATL
26608,Away,Nik Stauskas,nba.p.5319,Nik,Stauskas,SG,PHI,ATL,ATL@PHI,7:00PM EDT,10,17,,Brandon Knight,2258,@ATL
24342,Away,Dario Saric,nba.p.5323,Dario,Saric,PF,PHI,ATL,ATL@PHI,7:00PM EDT,36,24.3,,Nik Stauskas,26608,@ATL
24685,Away,Jahlil Okafor,nba.p.5434,Jahlil,Okafor,C,PHI,ATL,ATL@PHI,7:00PM EDT,12,20.3,INJ,Nerlens Noel,24303,@ATL
24291,Away,Justin Anderson,nba.p.5481,Justin,Anderson,PF,PHI,ATL,ATL@PHI,7:00PM EDT,10,12.5,,E'Twaun Moore,2354,@ATL
42932,Away,Richaun Holmes,nba.p.5497,Richaun,Holmes,C,PHI,ATL,ATL@PHI,7:00PM EDT,18,18.9,,Patty Mills,1632,@ATL
22550,Away,T.J. McConnell,nba.p.5582,T.J.,McConnell,PG,PHI,ATL,ATL@PHI,7:00PM EDT,18,21.5,,Montrezl Harrell,24290,@ATL
,Away,Ben Simmons,nba.p.5600,Ben,Simmons,PG,PHI,ATL,ATL@PHI,7:00PM EDT,10,0,INJ,Dahntay Jones,445,@ATL
46508,Away,Timothe Luwawu-Cabarrot,nba.p.5655,Timothe,Luwawu-Cabarrot,SG,PHI,ATL,ATL@PHI,7:00PM EDT,10,8.5,,Doug McDermott,23478,@ATL
28798,Away,Shawn Long,nba.p.5725,Shawn,Long,C,PHI,ATL,ATL@PHI,7:00PM EDT,10,17.6,,Maybyner Nene,448,@ATL
308,Home,Dirk Nowitzki,nba.p.3252,Dirk,Nowitzki,PF,DAL,NO,DAL@NO,8:00PM EDT,22,26.6,,JaMychal Green,2187,@NO
276,Home,Devin Harris,nba.p.3822,Devin,Harris,SG,DAL,NO,DAL@NO,8:00PM EDT,10,13,,Ben McLemore,24188,@NO
298,Home,J.J. Barea,nba.p.4203,J.J.,Barea,SG,DAL,NO,DAL@NO,8:00PM EDT,11,21.3,,Jameer Nelson,388,@NO
1653,Home,Wesley Matthews,nba.p.4694,Wesley,Matthews,SG,DAL,NO,DAL@NO,8:00PM EDT,18,24.8,,Tyson Chandler,516,@NO
2279,Home,Manny Harris,nba.p.4827,Manny,Harris,SG,DAL,NO,DAL@NO,8:00PM EDT,10,4.9,,Tony Snell,22374,@NO
2372,Home,Harrison Barnes,nba.p.5013,Harrison,Barnes,SF,DAL,NO,DAL@NO,8:00PM EDT,24,29.3,,Alex Poythress,24266,@NO
24303,Home,Nerlens Noel,nba.p.5157,Nerlens,Noel,C,DAL,NO,DAL@NO,8:00PM EDT,18,21.2,,Joe Johnson,160,@NO
4873,Home,Seth Curry,nba.p.5245,Seth,Curry,PG,DAL,NO,DAL@NO,8:00PM EDT,24,22,GTD,Marreese Speights,771,@NO
9346,Home,Dwight Powell,nba.p.5356,Dwight,Powell,C,DAL,NO,DAL@NO,8:00PM EDT,10,14.6,,Tony Allen,391,@NO
24116,Home,Salah Mejri,nba.p.5536,Salah,Mejri,C,DAL,NO,DAL@NO,8:00PM EDT,10,10.3,,Arron Afflalo,54,@NO
24294,Home,A.J. Hammons,nba.p.5677,A.J.,Hammons,C,DAL,NO,DAL@NO,8:00PM EDT,10,3.6,,Kelly Olynyk,8330,@NO
24159,Home,Dorian Finney-Smith,nba.p.5693,Dorian,Finney-Smith,SF,DAL,NO,DAL@NO,8:00PM EDT,10,10.2,,Willie Cauley-Stein,24287,@NO
59353,Home,Nicolas Brussino,nba.p.5699,Nicolas,Brussino,SG,DAL,NO,DAL@NO,8:00PM EDT,10,5.1,,Jeff Green,37,@NO
24236,Home,Jarrod Uthoff,nba.p.5705,Jarrod,Uthoff,PF,DAL,NO,DAL@NO,8:00PM EDT,10,1.6,,Timofey Mozgov,11008,@NO
24263,Home,Yogi Ferrell,nba.p.5720,Yogi,Ferrell,PG,DAL,NO,DAL@NO,8:00PM EDT,10,19.7,,Derrick Favors,2191,@NO
775,Away,Alexis Ajinca,nba.p.4482,Alexis,Ajinca,C,NO,DAL,DAL@NO,8:00PM EDT,10,11.4,,Caris LeVert,42322,@DAL
807,Away,Omer Asik,nba.p.4499,Omer,Asik,PF,NO,DAL,DAL@NO,8:00PM EDT,10,10.3,INJ,Norman Powell,24195,@DAL
1615,Away,Jrue Holiday,nba.p.4622,Jrue,Holiday,SG,NO,DAL,DAL@NO,8:00PM EDT,30,33.6,,Matt Dellavedova,8530,@DAL
1650,Away,Dante Cunningham,nba.p.4638,Dante,Cunningham,SF,NO,DAL,DAL@NO,8:00PM EDT,10,14.4,,D.J. Augustin,764,@DAL
2192,Away,DeMarcus Cousins,nba.p.4720,DeMarcus,Cousins,C,NO,DAL,DAL@NO,8:00PM EDT,50,49.2,GTD,Langston Galloway,22568,@DAL
,Away,Quincy Pondexter,nba.p.4757,Quincy,Pondexter,SG,NO,DAL,DAL@NO,8:00PM EDT,10,0,INJ,Justin Anderson,24291,@DAL
4441,Away,Jordan Crawford,nba.p.4758,Jordan,Crawford,SG,NO,DAL,DAL@NO,8:00PM EDT,13,21.4,,Skal Labissiere,42074,@DAL
2314,Away,Donatas Motiejunas,nba.p.4902,Donatas,Motiejunas,PF,NO,DAL,DAL@NO,8:00PM EDT,10,10.5,,Jordan Farmar,91,@DAL
2354,Away,E'Twaun Moore,nba.p.4937,E'Twaun,Moore,SG,NO,DAL,DAL@NO,8:00PM EDT,10,17.4,,Ivica Zubac,49290,@DAL
13305,Away,Anthony Davis,nba.p.5007,Anthony,Davis,PF,NO,DAL,DAL@NO,8:00PM EDT,55,50.6,,Al Jefferson,384,@DAL
6653,Away,Solomon Hill,nba.p.5193,Solomon,Hill,SF,NO,DAL,DAL@NO,8:00PM EDT,11,16.3,,Shelvin Mack,9419,@DAL
3977,Away,Tim Frazier,nba.p.5414,Tim,Frazier,PG,NO,DAL,DAL@NO,8:00PM EDT,10,18.9,,Troy Daniels,18948,@DAL
24179,Away,Quinn Cook,nba.p.5588,Quinn,Cook,PG,NO,DAL,DAL@NO,8:00PM EDT,10,6.8,,Andre Roberson,23283,@DAL
49975,Away,Cheick Diallo,nba.p.5664,Cheick,Diallo,PF,NO,DAL,DAL@NO,8:00PM EDT,10,8.2,,Alan Williams,31153,@DAL
264,Home,Ian Mahinmi,nba.p.3954,Ian,Mahinmi,C,WAS,LAC,WAS@LAC,10:30PM EDT,10,13.9,,Shawn Long,28798,@LAC
145,Home,Marcin Gortat,nba.p.3983,Marcin,Gortat,C,WAS,LAC,WAS@LAC,10:30PM EDT,17,27.1,,Manu Ginobili,266,@LAC
51,Home,Jason Smith,nba.p.4298,Jason,Smith,PF,WAS,LAC,WAS@LAC,10:30PM EDT,10,11.8,,Justin Holiday,6968,@LAC
1609,Home,Brandon Jennings,nba.p.4615,Brandon,Jennings,PG,WAS,LAC,WAS@LAC,10:30PM EDT,10,18.7,,Willy Hernangomez,37870,@LAC
2195,Home,John Wall,nba.p.4716,John,Wall,PG,WAS,LAC,WAS@LAC,10:30PM EDT,50,46,,Sergio Rodriguez,85,@LAC
4191,Home,Markieff Morris,nba.p.4894,Markieff,Morris,PF,WAS,LAC,WAS@LAC,10:30PM EDT,21,26.8,,Jodie Meeks,1644,@LAC
9740,Home,Bojan Bogdanovic,nba.p.4913,Bojan,Bogdanovic,SG,WAS,LAC,WAS@LAC,10:30PM EDT,15,21,,Joe Ingles,1683,@LAC
24148,Home,Bradley Beal,nba.p.5009,Bradley,Beal,SG,WAS,LAC,WAS@LAC,10:30PM EDT,34,34.3,,Devin Harris,276,@LAC
24374,Home,Tomas Satoransky,nba.p.5066,Tomas,Satoransky,PG,WAS,LAC,WAS@LAC,10:30PM EDT,10,7.1,,Rodney Stuckey,42,@LAC
24181,Home,Otto Porter,nba.p.5154,Otto,Porter,SF,WAS,LAC,WAS@LAC,10:30PM EDT,27,28.6,,Alex Len,26866,@LAC
24223,Home,Trey Burke,nba.p.5160,Trey,Burke,PG,WAS,LAC,WAS@LAC,10:30PM EDT,10,8.3,,P.J. Tucker,100,@LAC
52352,Home,"Kelly Oubre, Jr.",nba.p.5475,Kelly,Oubre Jr.,SF,WAS,LAC,WAS@LAC,10:30PM EDT,10,11.9,,Iman Shumpert,2183,@LAC
41445,Home,Chris McCullough,nba.p.5489,Chris,McCullough,PF,WAS,LAC,WAS@LAC,10:30PM EDT,10,4.3,,Rondae Hollis-Jefferson,24675,@LAC
24189,Home,Sheldon McClellan,nba.p.5729,Sheldon,McClellan,SG,WAS,LAC,WAS@LAC,10:30PM EDT,10,5.2,,Joe Harris,23549,@LAC
24260,Home,Daniel Ochefu,nba.p.5730,Daniel,Ochefu,C,WAS,LAC,WAS@LAC,10:30PM EDT,10,2.3,,Matt Barnes,505,@LAC
566,Away,Paul Pierce,nba.p.3253,Paul,Pierce,PF,LAC,WAS,WAS@LAC,10:30PM EDT,10,6.9,,Tristan Thompson,7103,@WAS
162,Away,Jamal Crawford,nba.p.3407,Jamal,Crawford,SG,LAC,WAS,WAS@LAC,10:30PM EDT,10,19.2,,David Lee,164,@WAS
61,Away,Chris Paul,nba.p.3930,Chris,Paul,PG,LAC,WAS,WAS@LAC,10:30PM EDT,44,39.9,,Vince Carter,275,@WAS
62,Away,Raymond Felton,nba.p.3931,Raymond,Felton,SF,LAC,WAS,WAS@LAC,10:30PM EDT,10,15.5,,Tim Frazier,3977,@WAS
126,Away,Brandon Bass,nba.p.3959,Brandon,Bass,PF,LAC,WAS,WAS@LAC,10:30PM EDT,10,9.6,,Tyler Ulis,52567,@WAS
939,Away,Alan Anderson,nba.p.3995,Alan,Anderson,SG,LAC,WAS,WAS@LAC,10:30PM EDT,10,5.1,,Spencer Dinwiddie,30385,@WAS
76,Away,J.J. Redick,nba.p.4139,J.J.,Redick,SG,LAC,WAS,WAS@LAC,10:30PM EDT,12,21.1,GTD,Bobby Portis,41433,@WAS
771,Away,Marreese Speights,nba.p.4478,Marreese,Speights,PF,LAC,WAS,WAS@LAC,10:30PM EDT,10,17.2,,Rajon Rondo,93,@WAS
802,Away,DeAndre Jordan,nba.p.4497,DeAndre,Jordan,C,LAC,WAS,WAS@LAC,10:30PM EDT,29,33.6,,Kyle O'Quinn,19543,@WAS
786,Away,Luc Mbah a Moute,nba.p.4498,Luc Richard,Mbah a Moute,SF,LAC,WAS,WAS@LAC,10:30PM EDT,10,11.7,,"Larry Nance, Jr.",30624,@WAS
1596,Away,Blake Griffin,nba.p.4561,Blake,Griffin,PF,LAC,WAS,WAS@LAC,10:30PM EDT,43,39,,Garrett Temple,1757,@WAS
4081,Away,Wesley Johnson,nba.p.4719,Wesley,Johnson,SF,LAC,WAS,WAS@LAC,10:30PM EDT,10,8.2,,Anthony Tolliver,328,@WAS
9291,Away,Austin Rivers,nba.p.5016,Austin,Rivers,PG,LAC,WAS,WAS@LAC,10:30PM EDT,10,19.7,,Andre Iguodala,379,@WAS
24658,Away,Brice Johnson,nba.p.5656,Brice,Johnson,PF,LAC,WAS,WAS@LAC,10:30PM EDT,10,5,,Luol Deng,323,@WAS
41493,Away,Diamond Stone,nba.p.5671,Diamond,Stone,C,LAC,WAS,WAS@LAC,10:30PM EDT,10,2.5,INJ,Solomon Hill,6653,@WAS
59,Home,Marvin Williams,nba.p.3928,Marvin,Williams,PF,CHA,TOR,CHA@TOR,7:30PM EDT,26,24.4,,Danny Green,1642,@TOR
48,Home,Marco Belinelli,nba.p.4296,Marco,Belinelli,SF,CHA,TOR,CHA@TOR,7:30PM EDT,10,17.6,,Patrick Patterson,2152,@TOR
14,Home,Ramon Sessions,nba.p.4333,Ramon,Sessions,PG,CHA,TOR,CHA@TOR,7:30PM EDT,10,12.3,INJ,Ian Clark,14156,@TOR
782,Home,Nicolas Batum,nba.p.4487,Nicolas,Batum,SG,CHA,TOR,CHA@TOR,7:30PM EDT,27,33.4,,Josh Huestis,23259,@TOR
2181,Home,Kemba Walker,nba.p.4890,Kemba,Walker,PG,CHA,TOR,CHA@TOR,7:30PM EDT,41,38,,Amir Johnson,147,@TOR
9290,Home,Michael Kidd-Gilchrist,nba.p.5008,Michael,Kidd-Gilchrist,SF,CHA,TOR,CHA@TOR,7:30PM EDT,15,22.9,,James Ennis,31122,@TOR
22394,Home,Jeremy Lamb,nba.p.5018,Jeremy,Lamb,SG,CHA,TOR,CHA@TOR,7:30PM EDT,10,17.5,,Dante Cunningham,1650,@TOR
3654,Home,Miles Plumlee,nba.p.5060,Miles,Plumlee,C,CHA,TOR,CHA@TOR,7:30PM EDT,10,6.5,,Jonathon Simmons,30740,@TOR
1806,Home,Brian Roberts,nba.p.5105,Brian,Roberts,SG,CHA,TOR,CHA@TOR,7:30PM EDT,10,5.9,,Isaiah Whitehead,42078,@TOR
24152,Home,Cody Zeller,nba.p.5155,Cody,Zeller,C,CHA,TOR,CHA@TOR,7:30PM EDT,14,23.8,,Thabo Sefolosha,86,@TOR
24170,Home,Johnny O'Bryant,nba.p.5347,Johnny,O'Bryant III,PF,CHA,TOR,CHA@TOR,7:30PM EDT,10,6.1,INJ,Archie Goodwin,24257,@TOR
28751,Home,Frank Kaminsky,nba.p.5469,Frank,Kaminsky,PF,CHA,TOR,CHA@TOR,7:30PM EDT,26,22.4,,Derrick Williams,6644,@TOR
31269,Home,Treveon Graham,nba.p.5539,Treveon,Graham,SG,CHA,TOR,CHA@TOR,7:30PM EDT,10,2.7,,Marcus Thornton,1634,@TOR
41451,Home,Christian Wood,nba.p.5583,Christian,Wood,PF,CHA,TOR,CHA@TOR,7:30PM EDT,10,6.4,,Alec Burks,4169,@TOR
31267,Home,Briante Weber,nba.p.5593,Briante,Weber,PG,CHA,TOR,CHA@TOR,7:30PM EDT,10,6.9,,Paul Zipser,26506,@TOR
78,Away,Kyle Lowry,nba.p.4152,Kyle,Lowry,PG,TOR,CHA,CHA@TOR,7:30PM EDT,40,41.2,INJ,Lance Stephenson,2196,@CHA
100,Away,P.J. Tucker,nba.p.4163,P.J.,Tucker,SF,TOR,CHA,CHA@TOR,7:30PM EDT,11,18.8,,Raymond Felton,62,@CHA
779,Away,Serge Ibaka,nba.p.4486,Serge,Ibaka,PF,TOR,CHA,CHA@TOR,7:30PM EDT,25,28.3,,Dante Exum,28245,@CHA
1605,Away,DeMar DeRozan,nba.p.4614,DeMar,DeRozan,SG,TOR,CHA,CHA@TOR,7:30PM EDT,42,39.5,,JaVale McGee,773,@CHA
1631,Away,DeMarre Carroll,nba.p.4632,DeMarre,Carroll,SF,TOR,CHA,CHA@TOR,7:30PM EDT,10,18.8,GTD,"Kelly Oubre, Jr.",52352,@CHA
2152,Away,Patrick Patterson,nba.p.4729,Patrick,Patterson,PF,TOR,CHA,CHA@TOR,7:30PM EDT,10,16.8,,Nemanja Bjelica,2565,@CHA
24239,Away,Jonas Valanciunas,nba.p.4886,Jonas,Valanciunas,C,TOR,CHA,CHA@TOR,7:30PM EDT,16,25.4,,Jared Dudley,44,@CHA
7108,Away,Cory Joseph,nba.p.4911,Cory,Joseph,PG,TOR,CHA,CHA@TOR,7:30PM EDT,14,18.4,,Ramon Sessions,14,@CHA
24240,Away,Lucas Nogueira,nba.p.5186,Lucas,Nogueira,PF,TOR,CHA,CHA@TOR,7:30PM EDT,10,15.2,,Sam Dekker,28239,@CHA
59172,Away,Bruno Caboclo,nba.p.5331,Bruno,Caboclo,SF,TOR,CHA,CHA@TOR,7:30PM EDT,10,2.2,,Darrell Arthur,785,@CHA
56842,Away,Delon Wright,nba.p.5480,Delon,Wright,PG,TOR,CHA,CHA@TOR,7:30PM EDT,10,13.8,,John Henson,2209,@CHA
24195,Away,Norman Powell,nba.p.5506,Norman,Powell,SG,TOR,CHA,CHA@TOR,7:30PM EDT,10,13.9,,Chandler Parsons,2537,@CHA
53231,Away,Jakob Poeltl,nba.p.5640,Jakob,Poeltl,C,TOR,CHA,CHA@TOR,7:30PM EDT,10,7.4,,Jaylen Brown,52544,@CHA
81426,Away,Pascal Siakam,nba.p.5658,Pascal,Siakam,PF,TOR,CHA,CHA@TOR,7:30PM EDT,10,10.6,,Dwight Powell,9346,@CHA
44094,Away,Fred VanVleet,nba.p.5727,Fred,VanVleet,PG,TOR,CHA,CHA@TOR,7:30PM EDT,10,6.3,,Luc Mbah a Moute,786,@CHA
505,Home,Matt Barnes,nba.p.3643,Matt,Barnes,SF,GS,SA,GS@SA,9:30PM EDT,12,18.7,,Glenn Robinson,28500,@SA
458,Home,David West,nba.p.3721,David,West,PF,GS,SA,GS@SA,9:30PM EDT,10,12.6,,Mindaugas Kuzminskas,9729,@SA
311,Home,Zaza Pachulia,nba.p.3745,Zaza,Pachulia,C,GS,SA,GS@SA,9:30PM EDT,10,17.8,,Brandon Jennings,1609,@SA
377,Home,Shaun Livingston,nba.p.3821,Shaun,Livingston,PG,GS,SA,GS@SA,9:30PM EDT,10,10.3,,Lance Thomas,1948,@SA
379,Home,Andre Iguodala,nba.p.3826,Andre,Iguodala,SG,GS,SA,GS@SA,9:30PM EDT,11,19.8,,Beno Udrih,394,@SA
34,Home,Kevin Durant,nba.p.4244,Kevin,Durant,SF,GS,SA,GS@SA,9:30PM EDT,50,46.6,INJ,Ian Mahinmi,264,@SA
773,Home,JaVale McGee,nba.p.4480,JaVale,McGee,C,GS,SA,GS@SA,9:30PM EDT,10,11,,Kosta Koufos,778,@SA
1600,Home,Stephen Curry,nba.p.4612,Stephen,Curry,PG,GS,SA,GS@SA,9:30PM EDT,51,42.9,,Rodney McGruder,4210,@SA
4717,Home,Klay Thompson,nba.p.4892,Klay,Thompson,SG,GS,SA,GS@SA,9:30PM EDT,32,32.2,,Brandan Wright,45,@SA
2369,Home,Draymond Green,nba.p.5069,Draymond,Green,PF,GS,SA,GS@SA,9:30PM EDT,38,35.9,,T.J. McConnell,22550,@SA
14156,Home,Ian Clark,nba.p.5237,Ian,Clark,PG,GS,SA,GS@SA,9:30PM EDT,10,11.5,,Delon Wright,56842,@SA
,Home,James Michael McAdoo,nba.p.5385,James Michael,McAdoo,PF,GS,SA,GS@SA,9:30PM EDT,10,6.9,,Trey Lyles,28238,@SA
41494,Home,Kevon Looney,nba.p.5490,Kevon,Looney,PF,GS,SA,GS@SA,9:30PM EDT,10,7.1,,Toney Douglas,1624,@SA
42379,Home,Damian Jones,nba.p.5661,Damian,Jones,C,GS,SA,GS@SA,9:30PM EDT,10,3.9,,Aron Baynes,1790,@SA
80940,Home,Patrick McCaw,nba.p.5669,Patrick,McCaw,SF,GS,SA,GS@SA,9:30PM EDT,10,8.2,,Timothe Luwawu-Cabarrot,46508,@SA
266,Away,Manu Ginobili,nba.p.3380,Manu,Ginobili,SG,SA,GS,GS@SA,9:30PM EDT,10,16.6,,Richard Jefferson,278,@GS
515,Away,Pau Gasol,nba.p.3513,Pau,Gasol,C,SA,GS,GS@SA,9:30PM EDT,19,27.2,,Tarik Black,9359,@GS
268,Away,Tony Parker,nba.p.3527,Tony,Parker,PG,SA,GS,GS@SA,9:30PM EDT,10,19.3,,Edy Tavares,39662,@GS
164,Away,David Lee,nba.p.3956,David,Lee,PF,SA,GS,GS@SA,9:30PM EDT,11,17.1,,Jerami Grant,24661,@GS
66,Away,LaMarcus Aldridge,nba.p.4130,LaMarcus,Aldridge,PF,SA,GS,GS@SA,9:30PM EDT,29,31.9,,Bismack Biyombo,24340,@GS
789,Away,Joel Anthony,nba.p.4339,Joel,Anthony,PF,SA,GS,GS@SA,9:30PM EDT,10,3.5,,Mike Muscala,17065,@GS
1642,Away,Danny Green,nba.p.4651,Danny,Green,SG,SA,GS,GS@SA,9:30PM EDT,10,17.5,,Spencer Hawes,370,@GS
1632,Away,Patty Mills,nba.p.4660,Patty,Mills,PG,SA,GS,GS@SA,9:30PM EDT,12,18.9,,Alex Abrines,26575,@GS
2256,Away,Kawhi Leonard,nba.p.4896,Kawhi,Leonard,SF,SA,GS,GS@SA,9:30PM EDT,50,42.1,,David Nwaba,58185,@GS
24343,Away,Davis Bertans,nba.p.4926,Davis,Bertans,SF,SA,GS,GS@SA,9:30PM EDT,10,8.3,,Michael Carter-Williams,24158,@GS
28991,Away,Dewayne Dedmon,nba.p.5256,Dewayne,Dedmon,C,SA,GS,GS@SA,9:30PM EDT,10,15.8,,Derrick Jones,59508,@GS
24265,Away,Kyle Anderson,nba.p.5341,Kyle,Anderson,SG,SA,GS,GS@SA,9:30PM EDT,10,9.6,,Domas Sabonis,33381,@GS
30740,Away,Jonathon Simmons,nba.p.5526,Jonathon,Simmons,SF,SA,GS,GS@SA,9:30PM EDT,10,12.1,,Jason Smith,51,@GS
73136,Away,Dejounte Murray,nba.p.5660,Dejounte,Murray,PG,SA,GS,GS@SA,9:30PM EDT,10,6.6,INJ,Justin Hamilton,9475,@GS
42884,Away,Bryn Forbes,nba.p.5726,Bryn,Forbes,PG,SA,GS,GS@SA,9:30PM EDT,10,2.6,,Meyers Leonard,9270,@GS
,Away, ,,,,,,,,,,,,Malcolm Delaney,2301,@
,Away, ,,,,,,,,,,,,Shaun Livingston,377,@
,Away, ,,,,,,,,,,,,Anthony Morrow,864,@
,Away, ,,,,,,,,,,,,Thomas Robinson,2383,@
,Away, ,,,,,,,,,,,,,,@
,Away, ,,,,,,,,,,,,Mike Dunleavy,244,@
,Away, ,,,,,,,,,,,,Anthony Brown,6998,@
,Away, ,,,,,,,,,,,,Chasson Randle,24199,@
,Away, ,,,,,,,,,,,,Gerald Green,354,@
,Away, ,,,,,,,,,,,,Wayne Selden,24687,@
,Away, ,,,,,,,,,,,,Denzel Valentine,44077,@
,Away, ,,,,,,,,,,,,Cameron Payne,57476,@
,Away, ,,,,,,,,,,,,Omri Casspi,1618,@
,Away, ,,,,,,,,,,,,Zaza Pachulia,311,@
,Away, ,,,,,,,,,,,,Hollis Thompson,6088,@
,Away, ,,,,,,,,,,,,Andrew Harrison,24306,@
,Away, ,,,,,,,,,,,,Taurean Prince,42410,@
,Away, ,,,,,,,,,,,,Joffrey Lauvergne,24383,@
,Away, ,,,,,,,,,,,,Leandro Barbosa,465,@
,Away, ,,,,,,,,,,,,Terry Rozier,24644,@
,Away, ,,,,,,,,,,,,Brandon Rush,767,@
,Away, ,,,,,,,,,,,,Brandon Bass,126,@
,Away, ,,,,,,,,,,,,Mirza Teletovic,28228,@
,Away, ,,,,,,,,,,,,Quincy Acy,4130,@
,Away, ,,,,,,,,,,,,Jonathan Gibson,2550,@
,Away, ,,,,,,,,,,,,Lucas Nogueira,24240,@
,Away, ,,,,,,,,,,,,Trey Burke,24223,@
,Away, ,,,,,,,,,,,,Juancho Hernangomez,52816,@
,Away, ,,,,,,,,,,,,Josh McRoberts,6,@
,Away, ,,,,,,,,,,,,Reggie Williams,1783,@
,Away, ,,,,,,,,,,,,Greivis Vasquez,2327,@
,Away, ,,,,,,,,,,,,Aaron Brooks,53,@
,Away, ,,,,,,,,,,,,Mario Hezonja,24763,@
,Away, ,,,,,,,,,,,,Corey Brewer,43,@
,Away, ,,,,,,,,,,,,Dewayne Dedmon,28991,@
,Away, ,,,,,,,,,,,,Joakim Noah,50,@
,Away, ,,,,,,,,,,,,Cristiano Felicio,24840,@
,Away, ,,,,,,,,,,,,Pascal Siakam,81426,@
,Away, ,,,,,,,,,,,,Jerian Grant,9389,@
,Away, ,,,,,,,,,,,,Luke Babbitt,2185,@
,Away, ,,,,,,,,,,,,Kevin Seraphin,2429,@
,Away, ,,,,,,,,,,,,Jason Terry,304,@
,Away, ,,,,,,,,,,,,Dorian Finney-Smith,24159,@
,Away, ,,,,,,,,,,,,Ron Baker,30538,@
,Away, ,,,,,,,,,,,,Shabazz Napier,22395,@
,Away, ,,,,,,,,,,,,C.J. Watson,787,@
,Away, ,,,,,,,,,,,,Ed Davis,2174,@
,Away, ,,,,,,,,,,,,Roy Hibbert,772,@
,Away, ,,,,,,,,,,,,Adreian Payne,9303,@
,Away, ,,,,,,,,,,,,Christian Wood,41451,@
,Away, ,,,,,,,,,,,,Reggie Bullock,7120,@
,Away, ,,,,,,,,,,,,Jarell Martin,41442,@
,Away, ,,,,,,,,,,,,Thon Maker,42192,@
,Away, ,,,,,,,,,,,,Randy Foye,79,@
,Away, ,,,,,,,,,,,,Willie Reed,10776,@
,Away, ,,,,,,,,,,,,Davis Bertans,24343,@
,Away, ,,,,,,,,,,,,George Papagiannis,32198,@
,Away, ,,,,,,,,,,,,Kris Humphries,383,@
,Away, ,,,,,,,,,,,,Donatas Motiejunas,2314,@
,Away, ,,,,,,,,,,,,Isaiah Canaan,12049,@
,Away, ,,,,,,,,,,,,Noah Vonleh,24323,@
,Away, ,,,,,,,,,,,,Tyler Zeller,2175,@
,Away, ,,,,,,,,,,,,Nicolas Laprovittola,25038,@
,Away, ,,,,,,,,,,,,Tyler Ennis,27049,@
,Away, ,,,,,,,,,,,,David West,458,@
,Away, ,,,,,,,,,,,,Jonas Jerebko,1623,@
,Away, ,,,,,,,,,,,,Marcus Georges-Hunt,24663,@
,Away, ,,,,,,,,,,,,Chinanu Onuaku,54847,@
,Away, ,,,,,,,,,,,,Demetrius Jackson,43395,@
,Away, ,,,,,,,,,,,,Justin Harper,10687,@
,Away, ,,,,,,,,,,,,Alexis Ajinca,775,@
,Away, ,,,,,,,,,,,,Troy Williams,24319,@
,Away, ,,,,,,,,,,,,Boban Marjanovic,2413,@
,Away, ,,,,,,,,,,,,Pierre Jackson,28285,@
,Away, ,,,,,,,,,,,,Kris Dunn,28240,@
,Away, ,,,,,,,,,,,,Dejounte Murray,73136,@
,Away, ,,,,,,,,,,,,Rashad Vaughn,42082,@
,Away, ,,,,,,,,,,,,Stanley Johnson,26756,@
,Away, ,,,,,,,,,,,,Wade Baldwin IV,81056,@
,Away, ,,,,,,,,,,,,Kay Felder,57281,@
,Away, ,,,,,,,,,,,,Boris Diaw,459,@
,Away, ,,,,,,,,,,,,Tiago Splitter,373,@
,Away, ,,,,,,,,,,,,Jose Calderon,794,@
,Away, ,,,,,,,,,,,,K.J. McDaniels,28823,@
,Away, ,,,,,,,,,,,,Jeff Withey,4518,@
,Away, ,,,,,,,,,,,,Tyus Jones,26752,@
,Away, ,,,,,,,,,,,,Luis Scola,181,@
,Away, ,,,,,,,,,,,,Dragan Bender,41582,@
,Away, ,,,,,,,,,,,,Quinn Cook,24179,@
,Away, ,,,,,,,,,,,,Patrick McCaw,80940,@
,Away, ,,,,,,,,,,,,Jakob Poeltl,53231,@
,Away, ,,,,,,,,,,,,Brian Roberts,1806,@
,Away, ,,,,,,,,,,,,Metta World Peace,540,@
,Away, ,,,,,,,,,,,,Semaj Christon,26729,@
,Away, ,,,,,,,,,,,,Pat Connaughton,24234,@
,Away, ,,,,,,,,,,,,Jordan McRae,9345,@
,Away, ,,,,,,,,,,,,Mike Scott,3753,@
,Away, ,,,,,,,,,,,,Malachi Richardson,49322,@
,Away, ,,,,,,,,,,,,Malik Beasley,73131,@
,Away, ,,,,,,,,,,,,Paul Pierce,566,@
,Away, ,,,,,,,,,,,,Jarrod Uthoff,24236,@
,Away, ,,,,,,,,,,,,Norris Cole,15435,@
,Away, ,,,,,,,,,,,,Lavoy Allen,9730,@
,Away, ,,,,,,,,,,,,Sasha Vujacic,393,@
,Away, ,,,,,,,,,,,,Anthony Bennett,24660,@
,Away, ,,,,,,,,,,,,,,@
,Away, ,,,,,,,,,,,,Wesley Johnson,4081,@
,Away, ,,,,,,,,,,,,Omer Asik,807,@
,Away, ,,,,,,,,,,,,Miles Plumlee,3654,@
,Away, ,,,,,,,,,,,,James Jones,477,@
,Away, ,,,,,,,,,,,,Chris Andersen,866,@
,Away, ,,,,,,,,,,,,Damian Jones,42379,@
,Away, ,,,,,,,,,,,,Darrun Hilliard,28956,@
,Away, ,,,,,,,,,,,,Tomas Satoransky,24374,@
,Away, ,,,,,,,,,,,,Salah Mejri,24116,@
,Away, ,,,,,,,,,,,,Maurice Ndour,57363,@
,Away, ,,,,,,,,,,,,Kyle Anderson,24265,@
,Away, ,,,,,,,,,,,,Kevon Looney,41494,@
,Away, ,,,,,,,,,,,,James McAdoo,9304,@
,Away, ,,,,,,,,,,,,Raulzinho Neto,24092,@
,Away, ,,,,,,,,,,,,Jordan Mickey,28236,@
,Away, ,,,,,,,,,,,,Gary Payton II,80992,@
,Away, ,,,,,,,,,,,,Jake Layman,41248,@
,Away, ,,,,,,,,,,,,Briante Weber,31267,@
,Away, ,,,,,,,,,,,,Andrew Bogut,58,@
,Away, ,,,,,,,,,,,,Marcelinho Huertas,2707,@
,Away, ,,,,,,,,,,,,Jared Sullinger,2375,@
,Away, ,,,,,,,,,,,,Okaro White,9344,@
,Away, ,,,,,,,,,,,,Fred VanVleet,44094,@
,Away, ,,,,,,,,,,,,Bryn Forbes,42884,@
,Away, ,,,,,,,,,,,,Rakeem Christmas,24156,@
,Away, ,,,,,,,,,,,,Tim Quarterman,56701,@
,Away, ,,,,,,,,,,,,Marshall Plumlee,24177,@
,Away, ,,,,,,,,,,,,Johnny O'Bryant,24170,@
,Away, ,,,,,,,,,,,,Bobby Brown,862,@
,Away, ,,,,,,,,,,,,Jarnell Stokes,24264,@
,Away, ,,,,,,,,,,,,Brice Johnson,24658,@
,Away, ,,,,,,,,,,,,DeAndre Liggins,5713,@
,Away, ,,,,,,,,,,,,Kyle Singler,2151,@
,Away, ,,,,,,,,,,,,Damjan Rudez,2912,@
,Away, ,,,,,,,,,,,,Nicolas Brussino,59353,@
,Away, ,,,,,,,,,,,,Alan Anderson,939,@
,Away, ,,,,,,,,,,,,Andrew Nicholson,10813,@
,Away, ,,,,,,,,,,,,Nick Collison,292,@
,Away, ,,,,,,,,,,,,DeAndre' Bembry,49891,@
,Away, ,,,,,,,,,,,,Henry Ellenson,54842,@
,Away, ,,,,,,,,,,,,James Young,24681,@
,Away, ,,,,,,,,,,,,Treveon Graham,31269,@
,Away, ,,,,,,,,,,,,Anderson Varejao,251,@
,Away, ,,,,,,,,,,,,Joel Bolomboy,45041,@
,Away, ,,,,,,,,,,,,Mike Miller,186,@
,Away, ,,,,,,,,,,,,John Jenkins,2377,@
,Away, ,,,,,,,,,,,,Kyle Wiltjer,24155,@
,Away, ,,,,,,,,,,,,Deyonta Davis,73162,@
,Away, ,,,,,,,,,,,,Jordan Hill,1603,@
,Away, ,,,,,,,,,,,,Alonzo Gee,1657,@
,Away, ,,,,,,,,,,,,Stephen Zimmerman,54846,@
,Away, ,,,,,,,,,,,,Cole Aldrich,2159,@
,Away, ,,,,,,,,,,,,Udonis Haslem,682,@
,Away, ,,,,,,,,,,,,Diamond Stone,41493,@
,Away, ,,,,,,,,,,,,Sheldon McClellan,24189,@
,Away, ,,,,,,,,,,,,Joel Anthony,789,@
,Away, ,,,,,,,,,,,,Georges Niang,42429,@
,Away, ,,,,,,,,,,,,Manny Harris,2279,@
,Away, ,,,,,,,,,,,,Daniel Ochefu,24260,@
,Away, ,,,,,,,,,,,,Ryan Kelly,2193,@
,Away, ,,,,,,,,,,,,Chris McCullough,41445,@
,Away, ,,,,,,,,,,,,Joe Young,22869,@
,Away, ,,,,,,,,,,,,Larry Sanders,2198,@
,Away, ,,,,,,,,,,,,Lamar Patterson,6235,@
,Away, ,,,,,,,,,,,,A.J. Hammons,24294,@
,Away, ,,,,,,,,,,,,Bruno Caboclo,59172,@
,Away, ,,,,,,,,,,,,Ronnie Price,886,@
,Away, ,,,,,,,,,,,,Cheick Diallo,49975,@
,Away, ,,,,,,,,,,,,C.J. Wilcox,6964,@
,Away, ,,,,,,,,,,,,Jarrett Jack,366,@
,Away, ,,,,,,,,,,,,Aaron Harrison,24309,@
,Away, ,,,,,,,,,,,,Danuel House,24662,@
,Away, ,,,,,,,,,,,,Arinze Onuaku,2316,@
,Away, ,,,,,,,,,,,,Michael Gbinije,24168,@
,Away, ,,,,,,,,,,,,John Lucas,361,@
,Away, ,,,,,,,,,,,,Isaiah Taylor,56862,@
,Away, ,,,,,,,,,,,,Axel Toupane,25855,@
,Away, ,,,,,,,,,,,,Steve Novak,97,@
,Away, ,,,,,,,,,,,,Ben Bentil,80300,@
,Away, ,,,,,,,,,,,,Gary Neal,10568,@
,Away, ,,,,,,,,,,,,Elijah Millsap,8158,@
,Away, ,,,,,,,,,,,,Patricio Garino,24744,@
,Away, ,,,,,,,,,,,,,,@
,Away, ,,,,,,,,,,,,,,@
,Away, ,,,,,,,,,,,,,,@
,Away, ,,,,,,,,,,,,,,@
,Away, ,,,,,,,,,,,,,,@
,Away, ,,,,,,,,,,,,,,@
,Away, ,,,,,,,,,,,,,,@
,Away, ,,,,,,,,,,,,,,@
,Away, ,,,,,,,,,,,,,,@
,Away, ,,,,,,,,,,,,,,@
,Away, ,,,,,,,,,,,,,,@
,Away, ,,,,,,,,,,,,,,@
,Away, ,,,,,,,,,,,,,,@
,Away, ,,,,,,,,,,,,,,@
,Away, ,,,,,,,,,,,,,,@
,Away, ,,,,,,,,,,,,,,@
,Away, ,,,,,,,,,,,,,,@
,Away, ,,,,,,,,,,,,,,@
,Away, ,,,,,,,,,,,,,,@
,Away, ,,,,,,,,,,,,,,@
,Away, ,,,,,,,,,,,,,,@
,Away, ,,,,,,,,,,,,,,@
,Away, ,,,,,,,,,,,,,,@
,Away, ,,,,,,,,,,,,,,@
,Away, ,,,,,,,,,,,,,,@
,Away, ,,,,,,,,,,,,,,@
,Away, ,,,,,,,,,,,,,,@
,Away, ,,,,,,,,,,,,,,@
,Away, ,,,,,,,,,,,,,,@
,Away, ,,,,,,,,,,,,,,@
,Away, ,,,,,,,,,,,,,,@
,Away, ,,,,,,,,,,,,,,@
,Away, ,,,,,,,,,,,,,,@
,Away, ,,,,,,,,,,,,,,@
,Away, ,,,,,,,,,,,,,,@
,Away, ,,,,,,,,,,,,,,@
,Away, ,,,,,,,,,,,,,,@
,Away, ,,,,,,,,,,,,,,@
,Away, ,,,,,,,,,,,,,,@
,Away, ,,,,,,,,,,,,,,@
,Away, ,,,,,,,,,,,,,,@
,Away, ,,,,,,,,,,,,,,@
,Away, ,,,,,,,,,,,,,,@
,Away, ,,,,,,,,,,,,,,@
,Away, ,,,,,,,,,,,,,,@
,Away, ,,,,,,,,,,,,,,@
,Away, ,,,,,,,,,,,,,,@
,Away, ,,,,,,,,,,,,,,@
,Away, ,,,,,,,,,,,,,,@
,Away, ,,,,,,,,,,,,,,@
,Away, ,,,,,,,,,,,,,,@
,Away, ,,,,,,,,,,,,,,@
,Away, ,,,,,,,,,,,,,,@
,Away, ,,,,,,,,,,,,,,@
,Away, ,,,,,,,,,,,,,,@
,Away, ,,,,,,,,,,,,,,@
,Away, ,,,,,,,,,,,,,,@
,Away, ,,,,,,,,,,,,,,@
,Away, ,,,,,,,,,,,,,,@
,Away, ,,,,,,,,,,,,,,@
,Away, ,,,,,,,,,,,,,,@
,Away, ,,,,,,,,,,,,,,@
,Away, ,,,,,,,,,,,,,,@
,Away, ,,,,,,,,,,,,,,@
,Away, ,,,,,,,,,,,,,,@
,Away, ,,,,,,,,,,,,,,@
,Away, ,,,,,,,,,,,,,,@
,Away, ,,,,,,,,,,,,,,@
,Away, ,,,,,,,,,,,,,,@
,Away, ,,,,,,,,,,,,,,@
,Away, ,,,,,,,,,,,,,,@
,Away, ,,,,,,,,,,,,,,@
,Away, ,,,,,,,,,,,,,,@
,Away, ,,,,,,,,,,,,,,@
,Away, ,,,,,,,,,,,,,,@
,Away, ,,,,,,,,,,,,,,@
,Away, ,,,,,,,,,,,,,,@
,Away, ,,,,,,,,,,,,,,@
,Away, ,,,,,,,,,,,,,,@
,Away, ,,,,,,,,,,,,,,@
,Away, ,,,,,,,,,,,,,,@
,Away, ,,,,,,,,,,,,,,@
,Away, ,,,,,,,,,,,,,,@
,Away, ,,,,,,,,,,,,,,@
,Away, ,,,,,,,,,,,,,,@
,Away, ,,,,,,,,,,,,,,@
,Away, ,,,,,,,,,,,,,,@
,Away, ,,,,,,,,,,,,,,@
,Away, ,,,,,,,,,,,,,,@
,Away, ,,,,,,,,,,,,,,@
,Away, ,,,,,,,,,,,,,,@
,Away, ,,,,,,,,,,,,,,@
,Away, ,,,,,,,,,,,,,,@
,Away, ,,,,,,,,,,,,,,@
,Away, ,,,,,,,,,,,,,,@
,Away, ,,,,,,,,,,,,,,@
,Away, ,,,,,,,,,,,,,,@
,Away, ,,,,,,,,,,,,,,@
,Away, ,,,,,,,,,,,,,,@
,Away, ,,,,,,,,,,,,,,@
,Away, ,,,,,,,,,,,,,,@
,Away, ,,,,,,,,,,,,,,@
,Away, ,,,,,,,,,,,,,,@
,Away, ,,,,,,,,,,,,,,@
,Away, ,,,,,,,,,,,,,,@
,Away, ,,,,,,,,,,,,,,@
,Away, ,,,,,,,,,,,,,,@
,Away, ,,,,,,,,,,,,,,@
,Away, ,,,,,,,,,,,,,,@
,Away, ,,,,,,,,,,,,,,@
,Away, ,,,,,,,,,,,,,,@
,Away, ,,,,,,,,,,,,,,@
,Away, ,,,,,,,,,,,,,,@
,Away, ,,,,,,,,,,,,,,@
,Away, ,,,,,,,,,,,,,,@
,Away, ,,,,,,,,,,,,,,@
,Away, ,,,,,,,,,,,,,,@
,Away, ,,,,,,,,,,,,,,@
,Away, ,,,,,,,,,,,,,,@
,Away, ,,,,,,,,,,,,,,@
,Away, ,,,,,,,,,,,,,,@
,Away, ,,,,,,,,,,,,,,@
,Away, ,,,,,,,,,,,,,,@
,Away, ,,,,,,,,,,,,,,@
,Away, ,,,,,,,,,,,,,,@
,Away, ,,,,,,,,,,,,,,@
,Away, ,,,,,,,,,,,,,,@
,Away, ,,,,,,,,,,,,,,@
,Away, ,,,,,,,,,,,,,,@
,Away, ,,,,,,,,,,,,,,@
,Away, ,,,,,,,,,,,,,,@
,Away, ,,,,,,,,,,,,,,@
,Away, ,,,,,,,,,,,,,,@
,Away, ,,,,,,,,,,,,,,@
,Away, ,,,,,,,,,,,,,,@
,Away, ,,,,,,,,,,,,,,@
,Away, ,,,,,,,,,,,,,,@
,Away, ,,,,,,,,,,,,,,@
,Away, ,,,,,,,,,,,,,,@
,Away, ,,,,,,,,,,,,,,@
,Away, ,,,,,,,,,,,,,,@
,Away, ,,,,,,,,,,,,,,@
,Away, ,,,,,,,,,,,,,,@
,Away, ,,,,,,,,,,,,,,@
,Away, ,,,,,,,,,,,,,,@
,Away, ,,,,,,,,,,,,,,@
,Away, ,,,,,,,,,,,,,,@
,Away, ,,,,,,,,,,,,,,@
,Away, ,,,,,,,,,,,,,,@
,Away, ,,,,,,,,,,,,,,@
,Away, ,,,,,,,,,,,,,,@
,Away, ,,,,,,,,,,,,,,@
,Away, ,,,,,,,,,,,,,,@
,Away, ,,,,,,,,,,,,,,@
,Away, ,,,,,,,,,,,,,,@
,Away, ,,,,,,,,,,,,,,@
,Away, ,,,,,,,,,,,,,,@
,Away, ,,,,,,,,,,,,,,@
,Away, ,,,,,,,,,,,,,,@
,Away, ,,,,,,,,,,,,,,@
,Away, ,,,,,,,,,,,,,,@
,Away, ,,,,,,,,,,,,,,@
,Away, ,,,,,,,,,,,,,,@
,Away, ,,,,,,,,,,,,,,@
,Away, ,,,,,,,,,,,,,,@
,Away, ,,,,,,,,,,,,,,@
,Away, ,,,,,,,,,,,,,,@
,Away, ,,,,,,,,,,,,,,@
,Away, ,,,,,,,,,,,,,,@
,Away, ,,,,,,,,,,,,,,@
,Away, ,,,,,,,,,,,,,,@
,Away, ,,,,,,,,,,,,,,@
,Away, ,,,,,,,,,,,,,,@
,Away, ,,,,,,,,,,,,,,@
,Away, ,,,,,,,,,,,,,,@
,Away, ,,,,,,,,,,,,,,@
,Away, ,,,,,,,,,,,,,,@
,Away, ,,,,,,,,,,,,,,@
,Away, ,,,,,,,,,,,,,,@
,Away, ,,,,,,,,,,,,,,@
,Away, ,,,,,,,,,,,,,,@
,Away, ,,,,,,,,,,,,,,@
,Away, ,,,,,,,,,,,,,,@
,Away, ,,,,,,,,,,,,,,@
,Away, ,,,,,,,,,,,,,,@
,Away, ,,,,,,,,,,,,,,@
,Away, ,,,,,,,,,,,,,,@
,Away, ,,,,,,,,,,,,,,@
,Away, ,,,,,,,,,,,,,,@
,Away, ,,,,,,,,,,,,,,@
,Away, ,,,,,,,,,,,,,,@
,Away, ,,,,,,,,,,,,,,@
,Away, ,,,,,,,,,,,,,,@
,Away, ,,,,,,,,,,,,,,@
,Away, ,,,,,,,,,,,,,,@
,Away, ,,,,,,,,,,,,,,@
,Away, ,,,,,,,,,,,,,,@
,Away, ,,,,,,,,,,,,,,@
,Away, ,,,,,,,,,,,,,,@
,Away, ,,,,,,,,,,,,,,@
,Away, ,,,,,,,,,,,,,,@
,Away, ,,,,,,,,,,,,,,@
,Away, ,,,,,,,,,,,,,,@
,Away, ,,,,,,,,,,,,,,@
,Away, ,,,,,,,,,,,,,,@
,Away, ,,,,,,,,,,,,,,@
,Away, ,,,,,,,,,,,,,,@
,Away, ,,,,,,,,,,,,,,@
,Away, ,,,,,,,,,,,,,,@
,Away, ,,,,,,,,,,,,,,@
,Away, ,,,,,,,,,,,,,,@
,Away, ,,,,,,,,,,,,,,@
,Away, ,,,,,,,,,,,,,,@
,Away, ,,,,,,,,,,,,,,@
,Away, ,,,,,,,,,,,,,,@
,Away, ,,,,,,,,,,,,,,@
,Away, ,,,,,,,,,,,,,,@
,Away, ,,,,,,,,,,,,,,@
,Away, ,,,,,,,,,,,,,,@
,Away, ,,,,,,,,,,,,,,@
,Away, ,,,,,,,,,,,,,,@
,Away, ,,,,,,,,,,,,,,@
,Away, ,,,,,,,,,,,,,,@
,Away, ,,,,,,,,,,,,,,@
,Away, ,,,,,,,,,,,,,,@
,Away, ,,,,,,,,,,,,,,@
,Away, ,,,,,,,,,,,,,,@
,Away, ,,,,,,,,,,,,,,@
,Away, ,,,,,,,,,,,,,,@
,Away, ,,,,,,,,,,,,,,@
,Away, ,,,,,,,,,,,,,,@
,Away, ,,,,,,,,,,,,,,@
,Away, ,,,,,,,,,,,,,,@
,Away, ,,,,,,,,,,,,,,@
,Away, ,,,,,,,,,,,,,,@
,Away, ,,,,,,,,,,,,,,@
,Away, ,,,,,,,,,,,,,,@
,Away, ,,,,,,,,,,,,,,@
,Away, ,,,,,,,,,,,,,,@
,Away, ,,,,,,,,,,,,,,@
,Away, ,,,,,,,,,,,,,,@
,Away, ,,,,,,,,,,,,,,@
,Away, ,,,,,,,,,,,,,,@
,Away, ,,,,,,,,,,,,,,@
,Away, ,,,,,,,,,,,,,,@
,Away, ,,,,,,,,,,,,,,@
,Away, ,,,,,,,,,,,,,,@
,Away, ,,,,,,,,,,,,,,@
,Away, ,,,,,,,,,,,,,,@
,Away, ,,,,,,,,,,,,,,@
,Away, ,,,,,,,,,,,,,,@
,Away, ,,,,,,,,,,,,,,@
,Away, ,,,,,,,,,,,,,,@
,Away, ,,,,,,,,,,,,,,@
,Away, ,,,,,,,,,,,,,,@
,Away, ,,,,,,,,,,,,,,@
,Away, ,,,,,,,,,,,,,,@
,Away, ,,,,,,,,,,,,,,@
,Away, ,,,,,,,,,,,,,,@
,Away, ,,,,,,,,,,,,,,@
,Away, ,,,,,,,,,,,,,,@
,Away, ,,,,,,,,,,,,,,@
,Away, ,,,,,,,,,,,,,,@
,Away, ,,,,,,,,,,,,,,@
,Away, ,,,,,,,,,,,,,,@
,Away, ,,,,,,,,,,,,,,@
,Away, ,,,,,,,,,,,,,,@
,Away, ,,,,,,,,,,,,,,@
,Away, ,,,,,,,,,,,,,,@
,Away, ,,,,,,,,,,,,,,@
,Away, ,,,,,,,,,,,,,,@
,Away, ,,,,,,,,,,,,,,@
,Away, ,,,,,,,,,,,,,,@
,Away, ,,,,,,,,,,,,,,@
,Away, ,,,,,,,,,,,,,,@
,Away, ,,,,,,,,,,,,,,@
,Away, ,,,,,,,,,,,,,,@
,Away, ,,,,,,,,,,,,,,@
,Away, ,,,,,,,,,,,,,,@
,Away, ,,,,,,,,,,,,,,@
,Away, ,,,,,,,,,,,,,,@
,Away, ,,,,,,,,,,,,,,@
,Away, ,,,,,,,,,,,,,,@
,Away, ,,,,,,,,,,,,,,@
,Away, ,,,,,,,,,,,,,,@
,Away, ,,,,,,,,,,,,,,@
,Away, ,,,,,,,,,,,,,,@
,Away, ,,,,,,,,,,,,,,@
,Away, ,,,,,,,,,,,,,,@
,Away, ,,,,,,,,,,,,,,@
,Away, ,,,,,,,,,,,,,,@
,Away, ,,,,,,,,,,,,,,@
,Away, ,,,,,,,,,,,,,,@
,Away, ,,,,,,,,,,,,,,@
,Away, ,,,,,,,,,,,,,,@
,Away, ,,,,,,,,,,,,,,@
,Away, ,,,,,,,,,,,,,,@
,Away, ,,,,,,,,,,,,,,@
,Away, ,,,,,,,,,,,,,,@
,Away, ,,,,,,,,,,,,,,@
,Away, ,,,,,,,,,,,,,,@
,Away, ,,,,,,,,,,,,,,@
,Away, ,,,,,,,,,,,,,,@
,Away, ,,,,,,,,,,,,,,@
,Away, ,,,,,,,,,,,,,,@
,Away, ,,,,,,,,,,,,,,@
,Away, ,,,,,,,,,,,,,,@
,Away, ,,,,,,,,,,,,,,@
,Away, ,,,,,,,,,,,,,,@
,Away, ,,,,,,,,,,,,,,@
,Away, ,,,,,,,,,,,,,,@
,Away, ,,,,,,,,,,,,,,@
,Away, ,,,,,,,,,,,,,,@
,Away, ,,,,,,,,,,,,,,@
,Away, ,,,,,,,,,,,,,,@
,Away, ,,,,,,,,,,,,,,@
,Away, ,,,,,,,,,,,,,,@
,Away, ,,,,,,,,,,,,,,@
,Away, ,,,,,,,,,,,,,,@
,Away, ,,,,,,,,,,,,,,@
,Away, ,,,,,,,,,,,,,,@
,Away, ,,,,,,,,,,,,,,@
,Away, ,,,,,,,,,,,,,,@
,Away, ,,,,,,,,,,,,,,@
,Away, ,,,,,,,,,,,,,,@
,Away, ,,,,,,,,,,,,,,@
,Away, ,,,,,,,,,,,,,,@
,Away, ,,,,,,,,,,,,,,@
,Away, ,,,,,,,,,,,,,,@
,Away, ,,,,,,,,,,,,,,@
,Away, ,,,,,,,,,,,,,,@
,Away, ,,,,,,,,,,,,,,@
,Away, ,,,,,,,,,,,,,,@
,Away, ,,,,,,,,,,,,,,@
,Away, ,,,,,,,,,,,,,,@
,Away, ,,,,,,,,,,,,,,@
,Away, ,,,,,,,,,,,,,,@
,Away, ,,,,,,,,,,,,,,@
,Away, ,,,,,,,,,,,,,,@
,Away, ,,,,,,,,,,,,,,@
,Away, ,,,,,,,,,,,,,,@
,Away, ,,,,,,,,,,,,,,@
,Away, ,,,,,,,,,,,,,,@
,Away, ,,,,,,,,,,,,,,@
,Away, ,,,,,,,,,,,,,,@
,Away, ,,,,,,,,,,,,,,@
,Away, ,,,,,,,,,,,,,,@
,Away, ,,,,,,,,,,,,,,@
,Away, ,,,,,,,,,,,,,,@
,Away, ,,,,,,,,,,,,,,@
,Away, ,,,,,,,,,,,,,,@
,Away, ,,,,,,,,,,,,,,@
,Away, ,,,,,,,,,,,,,,@
,Away, ,,,,,,,,,,,,,,@
,Away, ,,,,,,,,,,,,,,@
,Away, ,,,,,,,,,,,,,,@
,Away, ,,,,,,,,,,,,,,@
,Away, ,,,,,,,,,,,,,,@
,Away, ,,,,,,,,,,,,,,@
,Away, ,,,,,,,,,,,,,,@
,Away, ,,,,,,,,,,,,,,@
,Away, ,,,,,,,,,,,,,,@
,Away, ,,,,,,,,,,,,,,@
,Away, ,,,,,,,,,,,,,,@
,Away, ,,,,,,,,,,,,,,@
,Away, ,,,,,,,,,,,,,,@
,Away, ,,,,,,,,,,,,,,@
,Away, ,,,,,,,,,,,,,,@
,Away, ,,,,,,,,,,,,,,@
,Away, ,,,,,,,,,,,,,,@
,Away, ,,,,,,,,,,,,,,@
,Away, ,,,,,,,,,,,,,,@
,Away, ,,,,,,,,,,,,,,@
,Away, ,,,,,,,,,,,,,,@
,Away, ,,,,,,,,,,,,,,@
,Away, ,,,,,,,,,,,,,,@
,Away, ,,,,,,,,,,,,,,@
,Away, ,,,,,,,,,,,,,,@
,Away, ,,,,,,,,,,,,,,@
,Away, ,,,,,,,,,,,,,,@
,Away, ,,,,,,,,,,,,,,@
,Away, ,,,,,,,,,,,,,,@
,Away, ,,,,,,,,,,,,,,@
,Away, ,,,,,,,,,,,,,,@
,Away, ,,,,,,,,,,,,,,@
,Away, ,,,,,,,,,,,,,,@
,Away, ,,,,,,,,,,,,,,@
,Away, ,,,,,,,,,,,,,,@
,Away, ,,,,,,,,,,,,,,@
,Away, ,,,,,,,,,,,,,,@
,Away, ,,,,,,,,,,,,,,@
,Away, ,,,,,,,,,,,,,,@
,Away, ,,,,,,,,,,,,,,@
,Away, ,,,,,,,,,,,,,,@
,Away, ,,,,,,,,,,,,,,@
,Away, ,,,,,,,,,,,,,,@
,Away, ,,,,,,,,,,,,,,@
,Away, ,,,,,,,,,,,,,,@
,Away, ,,,,,,,,,,,,,,@
,Away, ,,,,,,,,,,,,,,@
,Away, ,,,,,,,,,,,,,,@
,Away, ,,,,,,,,,,,,,,@
,Away, ,,,,,,,,,,,,,,@
,Away, ,,,,,,,,,,,,,,@
,Away, ,,,,,,,,,,,,,,@
,Away, ,,,,,,,,,,,,,,@
,Away, ,,,,,,,,,,,,,,@
,Away, ,,,,,,,,,,,,,,@
,Away, ,,,,,,,,,,,,,,@
,Away, ,,,,,,,,,,,,,,@
,Away, ,,,,,,,,,,,,,,@
,Away, ,,,,,,,,,,,,,,@
,Away, ,,,,,,,,,,,,,,@
,Away, ,,,,,,,,,,,,,,@
,Away, ,,,,,,,,,,,,,,@
,Away, ,,,,,,,,,,,,,,@
,Away, ,,,,,,,,,,,,,,@
,Away, ,,,,,,,,,,,,,,@
,Away, ,,,,,,,,,,,,,,@
,Away, ,,,,,,,,,,,,,,@
,Away, ,,,,,,,,,,,,,,@
,Away, ,,,,,,,,,,,,,,@
,Away, ,,,,,,,,,,,,,,@
,Away, ,,,,,,,,,,,,,,@
,Away, ,,,,,,,,,,,,,,@
,Away, ,,,,,,,,,,,,,,@
,Away, ,,,,,,,,,,,,,,@
,Away, ,,,,,,,,,,,,,,@
,Away, ,,,,,,,,,,,,,,@
,Away, ,,,,,,,,,,,,,,@
,Away, ,,,,,,,,,,,,,,@
,Away, ,,,,,,,,,,,,,,@
,Away, ,,,,,,,,,,,,,,@
,Away, ,,,,,,,,,,,,,,@
,Away, ,,,,,,,,,,,,,,@
,Away, ,,,,,,,,,,,,,,@
,Away, ,,,,,,,,,,,,,,@
,Away, ,,,,,,,,,,,,,,@
,Away, ,,,,,,,,,,,,,,@
,Away, ,,,,,,,,,,,,,,@
,Away, ,,,,,,,,,,,,,,@
,Away, ,,,,,,,,,,,,,,@
,Away, ,,,,,,,,,,,,,,@
,Away, ,,,,,,,,,,,,,,@
,Away, ,,,,,,,,,,,,,,@
,Away, ,,,,,,,,,,,,,,@
,Away, ,,,,,,,,,,,,,,@
,Away, ,,,,,,,,,,,,,,@
,Away, ,,,,,,,,,,,,,,@
,Away, ,,,,,,,,,,,,,,@
,Away, ,,,,,,,,,,,,,,@
,Away, ,,,,,,,,,,,,,,@
,Away, ,,,,,,,,,,,,,,@
,Away, ,,,,,,,,,,,,,,@
,Away, ,,,,,,,,,,,,,,@
,Away, ,,,,,,,,,,,,,,@
,Away, ,,,,,,,,,,,,,,@
,Away, ,,,,,,,,,,,,,,@
,Away, ,,,,,,,,,,,,,,@
,Away, ,,,,,,,,,,,,,,@
,Away, ,,,,,,,,,,,,,,@
,Away, ,,,,,,,,,,,,,,@
,Away, ,,,,,,,,,,,,,,@
,Away, ,,,,,,,,,,,,,,@
,Away, ,,,,,,,,,,,,,,@
,Away, ,,,,,,,,,,,,,,@
,Away, ,,,,,,,,,,,,,,@
,Away, ,,,,,,,,,,,,,,@
,Away, ,,,,,,,,,,,,,,@
,Away, ,,,,,,,,,,,,,,@
,Away, ,,,,,,,,,,,,,,@
,Away, ,,,,,,,,,,,,,,@
,Away, ,,,,,,,,,,,,,,@
,Away, ,,,,,,,,,,,,,,@
,Away, ,,,,,,,,,,,,,,@
,Away, ,,,,,,,,,,,,,,@
,Away, ,,,,,,,,,,,,,,@
,Away, ,,,,,,,,,,,,,,@
,Away, ,,,,,,,,,,,,,,@
,Away, ,,,,,,,,,,,,,,@
,Away, ,,,,,,,,,,,,,,@
,Away, ,,,,,,,,,,,,,,@
,Away, ,,,,,,,,,,,,,,@
,Away, ,,,,,,,,,,,,,,@
,Away, ,,,,,,,,,,,,,,@
,Away, ,,,,,,,,,,,,,,@
,Away, ,,,,,,,,,,,,,,@
,Away, ,,,,,,,,,,,,,,@
,Away, ,,,,,,,,,,,,,,@
,Away, ,,,,,,,,,,,,,,@
,Away, ,,,,,,,,,,,,,,@
,Away, ,,,,,,,,,,,,,,@
,Away, ,,,,,,,,,,,,,,@
,Away, ,,,,,,,,,,,,,,@
,Away, ,,,,,,,,,,,,,,@
,Away, ,,,,,,,,,,,,,,@
,Away, ,,,,,,,,,,,,,,@
,Away, ,,,,,,,,,,,,,,@
,Away, ,,,,,,,,,,,,,,@
,Away, ,,,,,,,,,,,,,,@
,Away, ,,,,,,,,,,,,,,@
,Away, ,,,,,,,,,,,,,,@
,Away, ,,,,,,,,,,,,,,@
,Away, ,,,,,,,,,,,,,,@
,Away, ,,,,,,,,,,,,,,@
,Away, ,,,,,,,,,,,,,,@
,Away, ,,,,,,,,,,,,,,@
,Away, ,,,,,,,,,,,,,,@
,Away, ,,,,,,,,,,,,,,@
,Away, ,,,,,,,,,,,,,,@
,Away, ,,,,,,,,,,,,,,@
,Away, ,,,,,,,,,,,,,,@
,Away, ,,,,,,,,,,,,,,@